{"cameraMode":{"drawMode":0,"name":"Shaded","section":"Shading Mode"},"sceneLighting":false,"audioPlay":false,"sceneViewState":{"showFog":false,"showMaterialUpdate":false,"showSkybox":false,"showFlares":false,"showImageEffects":false,"showParticleSystems":false},"in2DMode":false,"pivot":{"x":12.606646537780762,"y":-23.509281158447267,"z":185.72935485839845},"rotation":{"x":0.13131549954414369,"y":0.024076145142316819,"z":-0.0031878165900707247,"w":0.9910430908203125},"size":200.86073303222657,"orthographic":false}