{"cameraMode":{"drawMode":0,"name":"Shaded","section":"Shading Mode"},"sceneLighting":false,"audioPlay":false,"sceneViewState":{"showFog":false,"showMaterialUpdate":false,"showSkybox":false,"showFlares":false,"showImageEffects":false,"showParticleSystems":false},"in2DMode":false,"pivot":{"x":-34.24481201171875,"y":-6.402801513671875,"z":5.289879322052002},"rotation":{"x":-0.10807998478412628,"y":0.7457557320594788,"z":-0.1248820498585701,"w":-0.6454235911369324},"size":56.28749465942383,"orthographic":false}