{"cameraMode":{"drawMode":0,"name":"Shaded","section":"Shading Mode"},"sceneLighting":false,"audioPlay":false,"sceneViewState":{"showFog":false,"showMaterialUpdate":false,"showSkybox":false,"showFlares":false,"showImageEffects":false,"showParticleSystems":false},"in2DMode":false,"pivot":{"x":-0.4300000071525574,"y":1.7990000247955323,"z":2.390000104904175},"rotation":{"x":-0.02147003635764122,"y":0.7253754138946533,"z":-0.022648533806204797,"w":-0.6876457333564758},"size":7.03143310546875,"orthographic":false}