{"cameraMode":{"drawMode":0,"name":"Shaded","section":"Shading Mode"},"sceneLighting":false,"audioPlay":false,"sceneViewState":{"showFog":false,"showMaterialUpdate":false,"showSkybox":false,"showFlares":false,"showImageEffects":false,"showParticleSystems":false},"in2DMode":false,"pivot":{"x":335.49127197265627,"y":-8.947011947631836,"z":83.40475463867188},"rotation":{"x":0.012690383940935135,"y":0.6441677808761597,"z":-0.010683191008865834,"w":0.7647042870521545},"size":548.1779174804688,"orthographic":false}