{"cameraMode":{"drawMode":0,"name":"Shaded","section":"Shading Mode"},"sceneLighting":false,"audioPlay":false,"sceneViewState":{"showFog":false,"showMaterialUpdate":false,"showSkybox":false,"showFlares":false,"showImageEffects":false,"showParticleSystems":false},"in2DMode":false,"pivot":{"x":518.3308715820313,"y":137.21060180664063,"z":155.7018280029297},"rotation":{"x":-0.19501180946826936,"y":0.22889257967472077,"z":-0.046861618757247928,"w":-0.9525663256645203},"size":540.1840209960938,"orthographic":false}